model,calibration,fold,model_fit_stories,calibration_stories,test_stories,story_overlap,rows,positives,weighted_positive_prevalence,weighted_log_loss,weighted_brier,weighted_roc_auc,weighted_pr_auc,platt_intercept,platt_slope,platt_converged,platt_iterations,platt_warning,final_model_decision,full_to_context_log_loss_ratio,full_to_context_brier_ratio
XGB_context,uncalibrated,1,64,16,20,0,93138,15523,0.0001792684114219165,0.0015569800352913082,0.0001812909638311459,0.902057150249717,0.005965625494256719,,,,,,,,
XGB_context,platt,1,64,16,20,0,93138,15523,0.0001792684114219165,0.001478420024883245,0.00017917985847215433,0.9020571512495082,0.005965625684660622,-0.8764482657473884,0.9140903056532473,1,5,,,,
XGB_full,uncalibrated,1,64,16,20,0,93138,15523,0.0001792684114219165,0.0015190324078737248,0.00018191432835133208,0.9051067959332249,0.01124583546282823,,,,,,,,
XGB_full,platt,1,64,16,20,0,93138,15523,0.0001792684114219165,0.0014407046140344623,0.00017862751973889398,0.9051067952185434,0.011245835363643136,-1.2872487863813937,0.86348753008756,1,6,,,,
XGB_context,uncalibrated,2,64,16,20,0,48642,8107,0.0001166309506259768,0.0009590052040285161,0.0001166976227609711,0.9059166723302574,0.010213338647483212,,,,,,,,
XGB_context,platt,2,64,16,20,0,48642,8107,0.0001166309506259768,0.000950845048801657,0.00011607922595275734,0.9059166776872257,0.010213339240940254,-1.06989310014532,0.8878646784157974,1,5,,,,
XGB_full,uncalibrated,2,64,16,20,0,48642,8107,0.0001166309506259768,0.0009798436369860674,0.00012130256425325546,0.9081428785106326,0.015825209503668995,,,,,,,,
XGB_full,platt,2,64,16,20,0,48642,8107,0.0001166309506259768,0.0009497531871406799,0.00011629634385463057,0.9081428677840275,0.015825209469461626,-1.280852766684843,0.8603216463783417,1,6,,,,
XGB_context,uncalibrated,3,64,16,20,0,47778,7963,0.00011582107777221742,0.0009727865774571179,0.00011730862290824804,0.9169434275009085,0.013091064072261635,,,,,,,,
XGB_context,platt,3,64,16,20,0,47778,7963,0.00011582107777221742,0.0009668419530791151,0.00011583573738781332,0.9169434254975095,0.013091065523238568,-0.8423064835985699,0.8724791579552664,1,5,,,,
XGB_full,uncalibrated,3,64,16,20,0,47778,7963,0.00011582107777221742,0.0009666538117717314,0.00011933385659445238,0.9181942336765134,0.010132011791274008,,,,,,,,
XGB_full,platt,3,64,16,20,0,47778,7963,0.00011582107777221742,0.0009564802179783074,0.00011676660321069755,0.9181942332954488,0.010132012602703081,-0.9612458852849652,0.8637232110778311,1,5,,,,
XGB_context,uncalibrated,4,64,16,20,0,106482,17747,0.0001691028968878434,0.0013898615483163156,0.00016836020653900174,0.8960157043287711,0.01102536018278851,,,,,,,,
XGB_context,platt,4,64,16,20,0,106482,17747,0.0001691028968878434,0.001407783342330197,0.00016852182113506373,0.8960157019616503,0.0110253597333898,-0.9814910338366651,0.9074621501915123,1,5,,,,
XGB_full,uncalibrated,4,64,16,20,0,106482,17747,0.0001691028968878434,0.0013843973790738783,0.00016841241555961656,0.8981268351716015,0.013730163643274292,,,,,,,,
XGB_full,platt,4,64,16,20,0,106482,17747,0.0001691028968878434,0.0014011126096437631,0.00016838189193215232,0.8981268434913272,0.013730163636127626,-1.1209982964135055,0.8882179162882665,1,6,,,,
XGB_context,uncalibrated,5,64,16,20,0,50298,8383,0.00010572068992240198,0.0009150170266550674,0.00010686251727983008,0.8847714982460301,0.013811967523091096,,,,,,,,
XGB_context,platt,5,64,16,20,0,50298,8383,0.00010572068992240198,0.0009004107167504663,0.0001054435084475126,0.8847714958378887,0.013811967529081278,-1.3129717659000768,0.822940550510898,1,5,,,,
XGB_full,uncalibrated,5,64,16,20,0,50298,8383,0.00010572068992240198,0.0009405572321874695,0.00011342600999040352,0.8865677024103572,0.007721934444735132,,,,,,,,
XGB_full,platt,5,64,16,20,0,50298,8383,0.00010572068992240198,0.0009036194736960836,0.00010628170663614549,0.8865677026425479,0.007721934563911857,-1.2794670329596087,0.8268787076843689,1,5,,,,
XGB_context,uncalibrated,mean,,,,0,,,0.00013730880532607123,0.001158730078349665,0.00013810398666383938,0.9011408905311369,0.010821471183976233,,,,,,calibrated XGB_full,0.9907734562816136,1.001888759657941
XGB_context,uncalibrated,std,,,,0,,,3.4126888032529576e-05,0.00029406030296779025,3.408541776377767e-05,0.011912098217131371,0.00308564229541277,,,,,,,,
XGB_context,uncalibrated,pooled_oof,,,,0,346338,57723,0.00014109923601447963,0.0011898956318209064,0.00014181945373878795,0.8967323616271353,0.006012674777675855,,,,,,,,
XGB_context,platt,mean,,,,0,,,0.00013730880532607123,0.001140860217168936,0.0001370120302790603,0.9011408904467565,0.010821471542262106,,,,,,calibrated XGB_full,0.9907734562816136,1.001888759657941
XGB_context,platt,std,,,,0,,,3.4126888032529576e-05,0.00027811807799383843,3.411078239545174e-05,0.011912099190779311,0.0030856424521015064,,,,,,,,
XGB_context,platt,pooled_oof,,,,0,346338,57723,0.00014109923601447963,0.001172648219816943,0.00014078641929876845,0.8931073129687818,0.005672476131677333,,,,,,,,
XGB_full,uncalibrated,mean,,,,0,,,0.00013730880532607123,0.0011580968935785744,0.000140877834949812,0.903227689140466,0.01173103096915613,,,,,,calibrated XGB_full,0.9907734562816136,1.001888759657941
XGB_full,uncalibrated,std,,,,0,,,3.4126888032529576e-05,0.00027259610073816505,3.179262430137098e-05,0.011781993181246581,0.0031473783246502504,,,,,,,,
XGB_full,uncalibrated,pooled_oof,,,,0,346338,57723,0.00014109923601447963,0.0011879221153581717,0.0001443597687795692,0.8987856605898668,0.006759841514819736,,,,,,,,
XGB_full,platt,mean,,,,0,,,0.00013730880532607123,0.0011303340204986592,0.00013727081307450398,0.903227688486379,0.011731031127169465,,,,,,calibrated XGB_full,0.9907734562816136,1.001888759657941
XGB_full,platt,std,,,,0,,,3.4126888032529576e-05,0.00026640430619179407,3.3537114190302505e-05,0.011781990930451755,0.003147378175200831,,,,,,,,
XGB_full,platt,pooled_oof,,,,0,346338,57723,0.00014109923601447963,0.0011616489548795111,0.00014098940998227906,0.8957620604238857,0.006814055483489482,,,,,,,,
