model,metric,mean,ci_lower,ci_upper,bootstrap_repetitions
Popularity,Recall@10,0.2158599128305432,0.21257950747716808,0.21904906747162373,1000
Popularity,Recall@20,0.3561780967488565,0.3525881320170643,0.3599821348816436,1000
Popularity,NDCG@10,0.10837376437457115,0.10646953482026963,0.11020860759525526,1000
Popularity,NDCG@20,0.14353038583118544,0.14166589561520296,0.1454736132720616,1000
Popularity,HitRate@10,0.2158599128305432,0.21257950747716808,0.21904906747162373,1000
Popularity,MRR,0.09790286832218457,0.09638533886639472,0.09946635825721575,1000
Popularity,AUC,0.5265304941422666,0.5237632481348963,0.5294997494620957,1000
BPR-MF,Recall@10,0.9055304862084367,0.9033562551015694,0.9076100013860867,1000
BPR-MF,Recall@20,0.9566000831652062,0.9549825969105666,0.9581247786111411,1000
BPR-MF,NDCG@10,0.6621131747243992,0.6595207859190976,0.6646704676948768,1000
BPR-MF,NDCG@20,0.6752271096273247,0.6728399372555255,0.6775708049300714,1000
BPR-MF,HitRate@10,0.9055304862084367,0.9033562551015694,0.9076100013860867,1000
BPR-MF,MRR,0.589555868802229,0.5866014274027449,0.592581488138489,1000
BPR-MF,AUC,0.9608919740597984,0.9601111374016541,0.96157046042194,1000
DeepFM_ID,Recall@10,0.7900232554557916,0.7868953196470099,0.7933806656296685,1000
DeepFM_ID,Recall@20,0.905853906454544,0.9034821579830897,0.9081963930942077,1000
DeepFM_ID,NDCG@10,0.5349318220275776,0.5321510605448112,0.5377127911145759,1000
DeepFM_ID,NDCG@20,0.5645216521468325,0.5619437722106277,0.5670617708628108,1000
DeepFM_ID,HitRate@10,0.7900232554557916,0.7868953196470099,0.7933806656296685,1000
DeepFM_ID,MRR,0.4664758242461759,0.4635897789393263,0.4694833028308747,1000
DeepFM_ID,AUC,0.9326014919645081,0.931656518364706,0.9335327680401563,1000
DeepFM_context,Recall@10,0.9284009178974604,0.9265820640372087,0.9303414393741049,1000
DeepFM_context,Recall@20,0.9677811831020622,0.9664101122730283,0.9690440621582911,1000
DeepFM_context,NDCG@10,0.7270866490930933,0.7245368109055753,0.729612205953343,1000
DeepFM_context,NDCG@20,0.737165001583377,0.7347959422110008,0.7395651389563603,1000
DeepFM_context,HitRate@10,0.9284009178974604,0.9265820640372087,0.9303414393741049,1000
DeepFM_context,MRR,0.6659680737999869,0.6630341459846376,0.6689565261552245,1000
DeepFM_context,AUC,0.9702990073845289,0.969690894872257,0.970922026941136,1000
DeepFM_full,Recall@10,0.9278464831898476,0.9260753723183072,0.9299102123792949,1000
DeepFM_full,Recall@20,0.9675963715328579,0.9662410866920269,0.9689366404336911,1000
DeepFM_full,NDCG@10,0.7208634430273281,0.7181859064778663,0.7233692390384341,1000
DeepFM_full,NDCG@20,0.7310364266886785,0.7285859055500055,0.733344485399213,1000
DeepFM_full,HitRate@10,0.9278464831898476,0.9260753723183072,0.9299102123792949,1000
DeepFM_full,MRR,0.658026149176161,0.6551642782251302,0.6608544727818605,1000
DeepFM_full,AUC,0.969796998180975,0.9691621673294731,0.9704394245079908,1000
BPR-MF minus Popularity,Recall@10,0.6896705733778935,0.6859127381374074,0.6936143752598913,1000
BPR-MF minus Popularity,Recall@20,0.6004219864163497,0.5967095840199597,0.6044585791070521,1000
BPR-MF minus Popularity,NDCG@10,0.5537394103498281,0.5509499708401382,0.5566480931977527,1000
BPR-MF minus Popularity,NDCG@20,0.5316967237961392,0.5290674501105511,0.534294185348929,1000
BPR-MF minus Popularity,HitRate@10,0.6896705733778935,0.6859127381374074,0.6936143752598913,1000
BPR-MF minus Popularity,MRR,0.4916530004800444,0.48873027331160535,0.4947867062415708,1000
BPR-MF minus Popularity,AUC,0.4343614799175317,0.43122946635348136,0.43736073794885544,1000
DeepFM_full minus BPR-MF,Recall@10,0.022315996981411037,0.02051408418166977,0.024256518458055473,1000
DeepFM_full minus BPR-MF,Recall@20,0.010996288367651815,0.009718008347322542,0.012259937472085753,1000
DeepFM_full minus BPR-MF,NDCG@10,0.05875026830292889,0.056691197382315414,0.060674654413762207,1000
DeepFM_full minus BPR-MF,NDCG@20,0.055809317061353836,0.05388869759585299,0.057658201101916634,1000
DeepFM_full minus BPR-MF,HitRate@10,0.022315996981411037,0.02051408418166977,0.024256518458055473,1000
DeepFM_full minus BPR-MF,MRR,0.06847028037393213,0.06599371509729862,0.0707500639715875,1000
DeepFM_full minus BPR-MF,AUC,0.008905024121176651,0.008419532062705777,0.00943899810350235,1000
