network,status,skip_reason,num_nodes,num_edges,num_communities,original_num_nodes,original_num_edges,sampled,sampling_method,a_true,b_true,theta_true,beta,a_hat,b_hat,theta_hat,a_abs_error,b_abs_error,theta_abs_error,a_rel_error,b_rel_error,theta_rel_error,num_exposure_rows,positive_y_rate,valid_exposure_rate,n_cascades,max_steps,seed_size,zero_exposure_rate,m_in_std,m_out_std,degree_std,design_condition_number,fit_iterations
friendster,ok,,2368,66848,2,2368,66848,False,none,0.6,0.2,0.05,5.0,0.5997646845025643,0.20001707891917464,0.04995224779219361,0.00023531549743571745,1.7078919174629004e-05,4.775220780639522e-05,0.00039219249572619574,8.539459587314502e-05,0.0009550441561279044,1280800,0.1844940662086196,1.0,100,20,5,0.5039412866958151,8.194379569714371,2.111006011130063,51.36662346758988,1.7910928129531238,24
friendster,ok,,2368,66848,2,2368,66848,False,none,0.6,0.2,0.1,5.0,0.6003353608276567,0.20015170383991054,0.10008639869343487,0.0003353608276567277,0.00015170383991053304,8.63986934348665e-05,0.0005589347127612129,0.0007585191995526652,0.000863986934348665,4059087,0.030747554807275625,1.0,100,20,5,0.5836002036911256,3.688053335943405,1.4632926750794413,51.20179550773403,1.4987050361440455,24
friendster,ok,,2368,66848,2,2368,66848,False,none,0.6,0.2,0.15,5.0,0.588635261855046,0.005895147220785444,0.14702682039272774,0.011364738144953979,0.19410485277921458,0.0029731796072722527,0.018941230241589967,0.9705242638960728,0.01982119738181502,4432735,0.0039172204068143035,1.0,100,20,5,0.7949985731156949,0.6282964245200401,0.16725705377181396,50.971701911162356,1.3557363662114237,13
friendster,ok,,2368,66848,2,2368,66848,False,none,0.6,0.4,0.05,5.0,0.5997825191187476,0.3994963703507783,0.0499703975661724,0.0002174808812523965,0.0005036296492217374,2.9602433827602415e-05,0.00036246813542066086,0.0012590741230543434,0.0005920486765520483,1252517,0.1886593156021036,1.0,100,20,5,0.5104345889117673,8.472948124336593,1.822160403426131,51.347823464870345,1.8541556006622515,23
friendster,ok,,2368,66848,2,2368,66848,False,none,0.6,0.4,0.1,5.0,0.5983069749492418,0.39874515816288464,0.0997039162266358,0.00169302505075819,0.0012548418371153836,0.00029608377336420855,0.002821708417930317,0.003137104592788459,0.0029608377336420855,3982999,0.04185865976868184,1.0,100,20,5,0.5761595722218359,4.3421424900911925,1.2871299377249898,51.213009430730196,1.7696586999438488,31
friendster,ok,,2368,66848,2,2368,66848,False,none,0.6,0.4,0.15,5.0,0.581456262068974,0.022675459392424636,0.14553731402303444,0.018543737931025928,0.37732454060757536,0.004462685976965558,0.030906229885043213,0.9433113515189384,0.029751239846437055,4358337,0.003942788269929562,1.0,100,20,5,0.7969571880283696,0.6191353045278368,0.1670133417951629,50.97769256417655,1.3589492602222446,14
friendster,ok,,2368,66848,2,2368,66848,False,none,0.6,0.6,0.05,5.0,0.5991605816479034,0.6006060093509779,0.049970035177517774,0.0008394183520965548,0.0006060093509778763,2.9964822482228537e-05,0.0013990305868275914,0.0010100155849631274,0.0005992964496445707,1225261,0.19285686886304224,1.0,100,20,5,0.5134301997696817,8.136519782530094,1.6171086736233828,51.37985825705399,1.896325863863446,35
friendster,ok,,2368,66848,2,2368,66848,False,none,0.6,0.6,0.1,5.0,0.5990178494293767,0.6004668001285884,0.09986760259068964,0.0009821505706232303,0.00046680012858846265,0.0001323974093103697,0.001636917617705384,0.0007780002143141045,0.001323974093103697,3805251,0.058172509513827075,1.0,100,20,5,0.5753975230543268,5.366089213443691,1.2936550857779252,51.098627400122695,1.879034791343593,22
friendster,ok,,2368,66848,2,2368,66848,False,none,0.6,0.6,0.15,5.0,0.5871442250322056,0.039869813764741954,0.1470854777199715,0.012855774967794331,0.560130186235258,0.002914522280028503,0.021426291612990554,0.9335503103920967,0.019430148533523355,4446099,0.003915792248440712,1.0,100,20,5,0.7880710708421023,0.6320056650445313,0.1734345105169917,50.96556474495437,1.3672841476483406,15
friendster,ok,,2368,66848,2,2368,66848,False,none,0.8,0.2,0.05,5.0,0.799447593294992,0.2009184530972858,0.049963079234658266,0.0005524067050080017,0.0009184530972857763,3.6920765341737216e-05,0.0006905083812600021,0.0045922654864288814,0.0007384153068347443,1060341,0.2228528369647123,1.0,100,20,5,0.5188934503145686,8.563252753201983,2.3758093981299573,51.3498979531728,1.716141401603812,32
friendster,ok,,2368,66848,2,2368,66848,False,none,0.8,0.2,0.1,5.0,0.8067573359936706,0.20223740849247834,0.10095106293798224,0.006757335993670566,0.002237408492478332,0.0009510629379822361,0.008446669992088207,0.011187042462391661,0.00951062937982236,2804383,0.08426095864937136,1.0,100,20,5,0.571355624392246,6.097504414063609,2.4683572046295974,50.93286151812372,1.492516816605925,28
friendster,ok,,2368,66848,2,2368,66848,False,none,0.8,0.2,0.15,5.0,0.800843222258955,0.01902611867220308,0.1491873259099318,0.0008432222589549454,0.18097388132779693,0.0008126740900681884,0.0010540278236936818,0.9048694066389846,0.005417827267121256,4463842,0.0053989366111076515,1.0,100,20,5,0.772003354957456,0.8983031860709162,0.2326091466734604,51.01617902761711,1.3240141291524952,15
friendster,ok,,2368,66848,2,2368,66848,False,none,0.8,0.4,0.05,5.0,0.7949381542764824,0.39747900546268383,0.04959949369814407,0.005061845723517644,0.00252099453731619,0.000400506301855931,0.006327307154397055,0.006302486343290475,0.00801012603711862,1044847,0.22615751397094502,1.0,100,20,5,0.5267067809928152,8.789373470385248,1.958348102622872,51.399857887633445,1.7809343572947185,33
friendster,ok,,2368,66848,2,2368,66848,False,none,0.8,0.4,0.1,5.0,0.7969457344412231,0.39748428786965506,0.09954545476706408,0.0030542655587769696,0.0025157121303449603,0.0004545452329359212,0.003817831948471212,0.006289280325862401,0.004545452329359212,2738615,0.08628449051801731,1.0,100,20,5,0.5820306979988059,6.119499640046604,1.7798775300423613,51.01499650996584,1.6258652339218451,31
friendster,ok,,2368,66848,2,2368,66848,False,none,0.8,0.4,0.15,5.0,0.8047186567828767,0.3986441838792948,0.15163618839572635,0.00471865678287664,0.0013558161207052333,0.0016361883957263512,0.0058983209785958,0.003389540301763083,0.010907922638175676,4462592,0.005452660695846719,1.0,100,20,5,0.7671944914525012,0.9007007201239285,0.2300817496370969,51.00942329673927,1.3309234210106247,24
friendster,ok,,2368,66848,2,2368,66848,False,none,0.8,0.6,0.05,5.0,0.8019314725316858,0.6031989043510381,0.05011159518257765,0.0019314725316857961,0.00319890435103809,0.0001115951825776465,0.002414340664607245,0.00533150725173015,0.00223190365155293,1029366,0.22955877695591267,1.0,100,20,5,0.5280842771181484,8.332070973912828,1.7628551565389012,51.40661399519471,1.8021064629359471,31
friendster,ok,,2368,66848,2,2368,66848,False,none,0.8,0.6,0.1,5.0,0.7973216630730261,0.5995771542366406,0.09970292139194004,0.0026783369269739454,0.00042284576335938073,0.00029707860805996966,0.003347921158717432,0.0007047429389323012,0.0029707860805996966,2597121,0.09098536417825738,1.0,100,20,5,0.583724824526851,6.209603042230795,1.5122859254442846,51.03291392242632,1.7506502430092654,21
friendster,ok,,2368,66848,2,2368,66848,False,none,0.8,0.6,0.15,5.0,0.8032234194400145,0.6349722731527405,0.1512915503519197,0.0032234194400144744,0.03497227315274054,0.001291550351919718,0.004029274300018093,0.05828712192123424,0.008610335679464787,4434024,0.005671597627798135,1.0,100,20,5,0.7630569884150379,0.9239988849803862,0.2383072760181581,51.01377731171043,1.3329037188040684,16
friendster,ok,,2368,66848,2,2368,66848,False,none,1.0,0.2,0.05,5.0,1.0005717347589351,0.2013987218275805,0.050073118470188624,0.0005717347589351274,0.0013987218275804958,7.311847018862117e-05,0.0005717347589351274,0.006993609137902479,0.0014623694037724233,929848,0.2541275563317876,1.0,100,20,5,0.5301888050520085,8.732716932898708,2.767389960448907,51.329621417131115,1.6196887276163014,26
friendster,ok,,2368,66848,2,2368,66848,False,none,1.0,0.2,0.1,5.0,0.9950026151906497,0.1982010259945572,0.09947030201322356,0.004997384809350303,0.0017989740054428216,0.0005296979867764479,0.004997384809350303,0.008994870027214108,0.005296979867764479,2128734,0.11100494472301377,1.0,100,20,5,0.5766417974251362,6.541475783679944,2.772877664960284,50.94528010258177,1.4530361964797662,27
friendster,ok,,2368,66848,2,2368,66848,False,none,1.0,0.2,0.15,5.0,0.9990497618830458,0.19965255480908423,0.14974102185383859,0.0009502381169541607,0.00034744519091578496,0.00025897814616140935,0.0009502381169541607,0.0017372259545789248,0.0017265209744093957,4298196,0.01776489485356182,1.0,100,20,5,0.6851932764350439,2.630101913848529,1.416706898306208,51.12772579389892,1.3064256566521297,24
friendster,ok,,2368,66848,2,2368,66848,False,none,1.0,0.4,0.05,5.0,1.006916989316827,0.4036396328102758,0.050351742698263424,0.006916989316827049,0.0036396328102757947,0.0003517426982634214,0.006916989316827049,0.009099082025689487,0.007034853965268428,928382,0.25452884696170325,1.0,100,20,5,0.535567255720167,8.932824289599845,2.431273088419163,51.37145035063168,1.7268706445940596,26
friendster,ok,,2368,66848,2,2368,66848,False,none,1.0,0.4,0.1,5.0,1.0046638515611306,0.40048886370563264,0.10038144279816026,0.004663851561130583,0.0004888637056326139,0.00038144279816025584,0.004663851561130583,0.0012221592640815349,0.0038144279816025584,2096225,0.11272644873522641,1.0,100,20,5,0.5853131223985975,6.5892226863121754,2.0691340951526622,51.01007378340253,1.5437355907218921,30
friendster,ok,,2368,66848,2,2368,66848,False,none,1.0,0.4,0.15,5.0,1.003928029194916,0.40127462025484384,0.1505418059516976,0.003928029194915972,0.0012746202548438168,0.0005418059516976159,0.003928029194915972,0.003186550637109542,0.0036120396779841064,4264943,0.02205140842445022,1.0,100,20,5,0.6861779864349887,2.8335487656551686,1.1763117172196884,51.13746990006552,1.3613803628746661,24
friendster,ok,,2368,66848,2,2368,66848,False,none,1.0,0.6,0.05,5.0,0.999059952889953,0.5953289357173086,0.04986329457063854,0.0009400471100470265,0.004671064282691373,0.0001367054293614639,0.0009400471100470265,0.007785107137818955,0.002734108587229278,914790,0.25831065053181607,1.0,100,20,5,0.5342701603646739,9.068079440910008,2.240114523127266,51.333290632077244,1.7635130397714631,34
friendster,ok,,2368,66848,2,2368,66848,False,none,1.0,0.6,0.1,5.0,0.9973068729592127,0.5966311773609733,0.09969572662437176,0.00269312704078728,0.003368822639026714,0.0003042733756282445,0.00269312704078728,0.005614704398377857,0.0030427337562824452,2036566,0.11602864822451125,1.0,100,20,5,0.5846984580907272,6.653579808392026,1.721549816700483,51.05768944751456,1.6473847665452241,27
friendster,ok,,2368,66848,2,2368,66848,False,none,1.0,0.6,0.15,5.0,0.9987815958340199,0.6001393767165576,0.14984478937207235,0.0012184041659800693,0.0001393767165576154,0.00015521062792764329,0.0012184041659800693,0.0002322945275960257,0.001034737519517622,4262137,0.023255470201919835,1.0,100,20,5,0.6844679089386381,2.782368134577296,0.9393622480558578,51.18385905118067,1.488784981457474,24
youtube,ok,,3269,14510,2,3269,14510,False,none,0.6,0.2,0.05,5.0,0.5993296047989596,0.198354275955062,0.04989594681006933,0.0006703952010403968,0.0016457240449380128,0.00010405318993067514,0.0011173253350673282,0.008228620224690064,0.0020810637986135028,745681,0.43767911479573707,1.0,100,20,5,0.6822166583297684,2.4151660448231955,2.1207876790349367,22.65434523227517,2.9478373855739126,18
youtube,ok,,3269,14510,2,3269,14510,False,none,0.6,0.2,0.1,5.0,0.5991169745244159,0.20038809696821097,0.09994862420896099,0.0008830254755840539,0.0003880969682109603,5.137579103901835e-05,0.0014717091259734232,0.0019404848410548015,0.0005137579103901835,1155474,0.2824537808726116,1.0,100,20,5,0.6564942179573058,2.8203314917039064,2.5396975824210637,24.277827443679644,2.929724840282251,17
youtube,ok,,3269,14510,2,3269,14510,False,none,0.6,0.2,0.15,5.0,0.6011995746152599,0.2005653191998539,0.15039142889920962,0.0011995746152598796,0.000565319199853892,0.00039142889920962265,0.001999291025433133,0.00282659599926946,0.002609525994730818,2073001,0.15744179573478256,1.0,100,20,5,0.6135332303264688,3.3215391473452764,2.9327153738146956,25.919077263143148,2.9952204484049125,18
youtube,ok,,3269,14510,2,3269,14510,False,none,0.6,0.4,0.05,5.0,0.6020660763554646,0.39840204763499054,0.050011912893962465,0.00206607635546463,0.0015979523650094807,1.1912893962462423e-05,0.00344346059244105,0.003994880912523702,0.00023825787924924846,727762,0.44849277648462,1.0,100,20,5,0.6907519216447136,2.340790235246492,1.858867125379805,22.407423848656975,2.97653769725448,24
youtube,ok,,3269,14510,2,3269,14510,False,none,0.6,0.4,0.1,5.0,0.6004114926795092,0.40221437810664495,0.10029885705310762,0.00041149267950923996,0.002214378106644932,0.0002988570531076151,0.0006858211325154,0.00553594526661233,0.0029885705310761512,1080880,0.3019733920509215,1.0,100,20,5,0.6748473466064688,2.628373022932521,2.1522245876585013,23.87434740723535,3.027984300441271,20
youtube,ok,,3269,14510,2,3269,14510,False,none,0.6,0.4,0.15,5.0,0.6012007566642161,0.3999127075569523,0.1500976726447696,0.0012007566642161516,8.729244304772621e-05,9.767264476959192e-05,0.0020012611070269193,0.00021823110761931552,0.0006511509651306129,1806539,0.18067420631384098,1.0,100,20,5,0.6538746188153148,3.006808747835663,2.32196093322006,25.24196809377598,2.9527942973874013,21
youtube,ok,,3269,14510,2,3269,14510,False,none,0.6,0.6,0.05,5.0,0.5979973537865444,0.601730500450079,0.049942748837499676,0.0020026462134555834,0.0017305004500790533,5.725116250032691e-05,0.003337743689092639,0.002884167416798422,0.0011450232500065383,716042,0.45583219978716333,1.0,100,20,5,0.6951631328888529,2.430713705015498,1.897495282545541,22.227958956328894,3.0621943574375012,23
youtube,ok,,3269,14510,2,3269,14510,False,none,0.6,0.6,0.1,5.0,0.6025259897986261,0.6038437390393913,0.10049096879600268,0.0025259897986261715,0.0038437390393912807,0.0004909687960026748,0.004209982997710286,0.006406231732318801,0.0049096879600267485,1031007,0.31658077976192206,1.0,100,20,5,0.686816869332604,2.6035252220580904,2.0589885641912145,23.583073072528535,3.1148544840148946,17
youtube,ok,,3269,14510,2,3269,14510,False,none,0.6,0.6,0.15,5.0,0.6002876236273211,0.5997755327753648,0.1499700066660992,0.0002876236273211541,0.0002244672246352053,2.9993333900801833e-05,0.0004793727122019235,0.0003741120410586755,0.0001999555593386789,1647565,0.19810933104308479,1.0,100,20,5,0.6790390667439524,2.8613437422610364,2.0593400846263816,24.85854202726718,2.9334055401874957,20
youtube,ok,,3269,14510,2,3269,14510,False,none,0.8,0.2,0.05,5.0,0.7989412981741466,0.19842904431626138,0.05007644137447429,0.0010587018258534364,0.001570955683738634,7.644137447428839e-05,0.0013233772823167955,0.00785477841869317,0.0015288274894857679,729471,0.447405037348983,1.0,100,20,5,0.6891254073157124,2.3949337913611966,2.0036190323454517,22.39396633040843,2.8810435914208727,23
youtube,ok,,3269,14510,2,3269,14510,False,none,0.8,0.2,0.1,5.0,0.8010975903320137,0.20007911339249781,0.10007072646360807,0.0010975903320136204,7.91133924978038e-05,7.072646360806178e-05,0.0013719879150170255,0.000395566962489019,0.0007072646360806178,1044531,0.3124521914620054,1.0,100,20,5,0.6756774092870389,2.5685606812375945,2.3336299757273347,23.591230509885584,2.8580546737859973,18
youtube,ok,,3269,14510,2,3269,14510,False,none,0.8,0.2,0.15,5.0,0.800054672237023,0.20083731912728564,0.15011948669198666,5.4672237022934667e-05,0.0008373191272856295,0.0001194866919866644,6.834029627866833e-05,0.004186595636428148,0.0007965779465777627,1610743,0.20261084480888633,1.0,100,20,5,0.6594565365176195,2.7940149582248845,2.670164208324438,24.68326026347117,2.87435056670365,20
youtube,ok,,3269,14510,2,3269,14510,False,none,0.8,0.4,0.05,5.0,0.7969164196229517,0.3999020526664939,0.049850469378083205,0.003083580377048367,9.794733350609874e-05,0.00014953062191679772,0.003854475471310459,0.00024486833376524686,0.0029906124383359545,716460,0.45556067331044303,1.0,100,20,5,0.6979761605672333,2.455108193493146,1.9587272012099641,22.255698849829677,3.0000698725151755,24
youtube,ok,,3269,14510,2,3269,14510,False,none,0.8,0.4,0.1,5.0,0.7983257456028464,0.3997448206674462,0.09996208410774199,0.0016742543971536294,0.0002551793325538121,3.791589225801695e-05,0.002092817996442037,0.0006379483313845302,0.0003791589225801695,997522,0.3272008035912992,1.0,100,20,5,0.6867046541329415,2.547293793835633,2.2458060224175447,23.469936939744347,3.0031764676932635,15
youtube,ok,,3269,14510,2,3269,14510,False,none,0.8,0.4,0.15,5.0,0.7988556360535405,0.3981407776125919,0.1497050079540057,0.001144363946459559,0.0018592223874080993,0.00029499204599428563,0.0014304549330744487,0.004648055968520248,0.0019666136399619045,1506342,0.2166825329174915,1.0,100,20,5,0.6816380343905966,2.6782311828425525,2.256314490289091,24.461587486975482,2.878543468835128,19
youtube,ok,,3269,14510,2,3269,14510,False,none,0.8,0.6,0.05,5.0,0.8030261110038419,0.5932816871667944,0.04994085687442146,0.0030261110038418693,0.006718312833205564,5.9143125578545175e-05,0.0037826387548023366,0.011197188055342608,0.0011828625115709035,707259,0.4614999597035881,1.0,100,20,5,0.702107714429933,2.5229618754133947,2.002546086276756,22.094699483461966,3.0621978854674476,22
youtube,ok,,3269,14510,2,3269,14510,False,none,0.8,0.6,0.1,5.0,0.8014572780630578,0.5993050824557624,0.09993187105111437,0.001457278063057732,0.000694917544237561,6.812894888563736e-05,0.001821597578822165,0.0011581959070626018,0.0006812894888563736,959136,0.3403041904380609,1.0,100,20,5,0.695482183965569,2.387006184685236,1.9491907057248377,23.307696987181394,2.980196955836824,20
youtube,ok,,3269,14510,2,3269,14510,False,none,0.8,0.6,0.15,5.0,0.7981371085302109,0.5994864175834633,0.14961400090516314,0.0018628914697891297,0.0005135824165366509,0.00038599909483685857,0.002328614337236412,0.0008559706942277516,0.0025733272989123908,1413293,0.23094927944877672,1.0,100,20,5,0.6947511945505992,2.563964126651803,2.0098547216660054,24.16958244630396,2.8913986626056243,20
youtube,ok,,3269,14510,2,3269,14510,False,none,1.0,0.2,0.05,5.0,0.9973025009106214,0.20162568756313992,0.04969344732592802,0.002697499089378552,0.0016256875631399104,0.0003065526740719804,0.002697499089378552,0.008128437815699552,0.006131053481439608,719472,0.45364100340249514,1.0,100,20,5,0.6945259857228634,2.4726989521489777,2.033370327103481,22.173224366370082,2.9315347724368097,24
youtube,ok,,3269,14510,2,3269,14510,False,none,1.0,0.2,0.1,5.0,0.9962276969554248,0.1987765465587935,0.09969826852304345,0.0037723030445752093,0.0012234534412065012,0.0003017314769565571,0.0037723030445752093,0.006117267206032506,0.003017314769565571,973107,0.33538449523022645,1.0,100,20,5,0.6789068416936678,2.4452139406076596,2.4255339663002085,23.294478489732313,2.896103997666577,15
youtube,ok,,3269,14510,2,3269,14510,False,none,1.0,0.2,0.15,5.0,1.0018838831557335,0.20035669191291133,0.15034630418585598,0.0018838831557335123,0.0003566919129113222,0.000346304185855989,0.0018838831557335123,0.001783459564556611,0.00230869457237326,1403069,0.23261151090929955,1.0,100,20,5,0.6772446686513636,2.50825787812749,2.5031253497459054,23.97856437975162,2.7851655535102946,21
youtube,ok,,3269,14510,2,3269,14510,False,none,1.0,0.4,0.05,5.0,0.9986587842911303,0.39571542592431647,0.04982990750066771,0.0013412157088696919,0.004284574075683556,0.00017009249933229442,0.0013412157088696919,0.01071143518920889,0.0034018499866458884,708336,0.4607869711549321,1.0,100,20,5,0.7012604187843058,2.5198736787239433,2.0343599122983917,22.08300589750599,2.9991445740567526,22
youtube,ok,,3269,14510,2,3269,14510,False,none,1.0,0.4,0.1,5.0,1.0034128252563173,0.40040355429143704,0.10028732682616241,0.0034128252563172534,0.0004035542914370138,0.0002873268261624068,0.0034128252563172534,0.0010088857285925346,0.002873268261624068,941610,0.346631832712057,1.0,100,20,5,0.6900309045146079,2.346635775238092,2.0671380798132337,23.17604910118479,2.8902667673762465,19
youtube,ok,,3269,14510,2,3269,14510,False,none,1.0,0.4,0.15,5.0,0.9995807566076435,0.39843882610478815,0.14974706176599023,0.0004192433923565497,0.0015611738952118759,0.0002529382340097641,0.0004192433923565497,0.0039029347380296897,0.0016862548933984276,1337418,0.24404785938278084,1.0,100,20,5,0.6935819616604532,2.4673920363962507,2.2188377256487115,23.906870036676953,2.8505827464545797,19
youtube,ok,,3269,14510,2,3269,14510,False,none,1.0,0.6,0.05,5.0,0.992609063215343,0.5998550786416369,0.050009054362118076,0.007390936784656965,0.0001449213583630815,9.054362118073034e-06,0.007390936784656965,0.00024153559727180252,0.00018108724236146068,701921,0.4650095950968841,1.0,100,20,5,0.7051705248881285,2.5500613248189827,2.0446355921572668,21.95014385843111,3.068554502107228,21
youtube,ok,,3269,14510,2,3269,14510,False,none,1.0,0.6,0.1,5.0,0.9942348184011868,0.599382654453344,0.09970874259336493,0.005765181598813229,0.0006173455466559341,0.00029125740663507593,0.005765181598813229,0.0010289092444265568,0.0029125740663507593,910580,0.35844955962134023,1.0,100,20,5,0.6953227613169628,2.3361000911309495,1.9151576575529792,22.928387111880124,2.9472460748867024,21
youtube,ok,,3269,14510,2,3269,14510,False,none,1.0,0.6,0.15,5.0,0.999972549785093,0.5972717198612659,0.1498811456426883,2.7450214907021042e-05,0.0027282801387340516,0.00011885435731168181,2.7450214907021042e-05,0.004547133564556753,0.0007923623820778788,1283739,0.2542549536938583,1.0,100,20,5,0.7056122778851465,2.3789723343277287,1.949577297437498,23.72302065002236,2.843026679571388,20
orkut,ok,,4621,36745,2,4621,36745,False,none,0.6,0.2,0.05,5.0,0.5993549313529865,0.19918041008424867,0.04994689471439946,0.0006450686470135247,0.0008195899157513453,5.310528560054095e-05,0.001075114411689208,0.004097949578756727,0.001062105712010819,1376485,0.3353367454058708,1.0,100,20,5,0.5667617155290469,3.016867820521,2.3089029581664358,16.03771412615079,1.5110242621507335,27
orkut,ok,,4621,36745,2,4621,36745,False,none,0.6,0.2,0.1,5.0,0.6000133427185486,0.19994755243497547,0.10004101995275243,1.3342718548581267e-05,5.244756502453818e-05,4.101995275242187e-05,2.2237864247635446e-05,0.0002622378251226909,0.00041019952752421873,3077560,0.14998830242139877,1.0,100,20,5,0.5569187928098883,2.407990986226319,1.910784868475319,16.06637372202124,1.4750212408474548,15
orkut,ok,,4621,36745,2,4621,36745,False,none,0.6,0.2,0.15,5.0,0.5995608698198086,0.19950637282592681,0.14997016426784607,0.0004391301801913716,0.0004936271740731968,2.9835732153926653e-05,0.000731883633652286,0.002468135870365984,0.0001989048810261777,6288982,0.0367498269195237,1.0,100,20,5,0.6376731560052168,0.9144203677460887,0.7821419925894497,15.476978597001192,1.25137060927214,22
orkut,ok,,4621,36745,2,4621,36745,False,none,0.6,0.4,0.05,5.0,0.5988607722901825,0.40002189983511327,0.050035236653306545,0.0011392277098174475,2.1899835113248223e-05,3.52366533065418e-05,0.001898712849695746,5.474958778312056e-05,0.000704733066130836,1327262,0.347779865618092,1.0,100,20,5,0.5782324816049883,2.8635347460157274,1.6575426165314509,15.996183612456143,1.5919542042469417,26
orkut,ok,,4621,36745,2,4621,36745,False,none,0.6,0.4,0.1,5.0,0.6004977571920461,0.39993130878745786,0.1001180660275938,0.0004977571920461443,6.869121254216015e-05,0.00011806602759378837,0.0008295953200769073,0.00017172803135540038,0.0011806602759378837,2836401,0.16274144593800383,1.0,100,20,5,0.5743260561535551,2.426612475509486,1.4539811124595885,16.031232367594743,1.6057361389535036,18
orkut,ok,,4621,36745,2,4621,36745,False,none,0.6,0.4,0.15,5.0,0.6008781096420328,0.4004765482396676,0.1502637462808218,0.0008781096420328316,0.00047654823966758464,0.0002637462808218194,0.0014635160700547194,0.0011913705991689616,0.0017583085388121293,6018669,0.046093745976062146,1.0,100,20,5,0.6265023047454512,1.086980478988719,0.8032761414734498,15.600276120874517,1.449527440120737,14
orkut,ok,,4621,36745,2,4621,36745,False,none,0.6,0.6,0.05,5.0,0.598327319552227,0.6005108170966114,0.04996183894289728,0.0016726804477730228,0.0005108170966113823,3.816105710272022e-05,0.0027878007462883714,0.0008513618276856372,0.0007632211420544044,1291826,0.35732289023444336,1.0,100,20,5,0.5860944120957466,2.695382899312172,1.4429812482777666,15.976503851654043,1.6969272731931178,26
orkut,ok,,4621,36745,2,4621,36745,False,none,0.6,0.6,0.1,5.0,0.6014255059425603,0.600809043596634,0.10022858501516296,0.0014255059425603012,0.0008090435966340292,0.0002285850151629576,0.002375843237600502,0.0013484059943900488,0.002285850151629576,2599970,0.17754012546298611,1.0,100,20,5,0.5896575729719958,2.4712054027839674,1.3137639244509474,15.938557989510212,1.680608002787088,18
orkut,ok,,4621,36745,2,4621,36745,False,none,0.6,0.6,0.15,5.0,0.6011314963827308,0.5992441883590487,0.1501227033604245,0.0011314963827308011,0.0007558116409512872,0.0001227033604244976,0.0018858273045513352,0.0012596860682521454,0.000818022402829984,5494469,0.07144584854332603,1.0,100,20,5,0.6012178792891543,1.5960685614909245,1.1180020780342141,15.67728738138416,1.8444456107750047,22
orkut,ok,,4621,36745,2,4621,36745,False,none,0.8,0.2,0.05,5.0,0.8014834832039034,0.2004871573957808,0.05012335604795418,0.0014834832039033463,0.0004871573957807851,0.00012335604795418037,0.001854354004879183,0.0024357869789039255,0.0024671209590836074,1275013,0.36201905392337175,1.0,100,20,5,0.5845963923505094,2.9039050008582037,2.0245446360880295,15.936095166080808,1.4813808873925314,26
orkut,ok,,4621,36745,2,4621,36745,False,none,0.8,0.2,0.1,5.0,0.8015154059980034,0.20047066451144652,0.1002710294237521,0.0015154059980033718,0.0004706645114465058,0.00027102942375209493,0.0018942574975042148,0.002353322557232529,0.0027102942375209493,2426924,0.19019837456797165,1.0,100,20,5,0.5912649098200026,2.464316118486467,2.1378537931891537,16.00542048866996,1.4324019662103533,17
orkut,ok,,4621,36745,2,4621,36745,False,none,0.8,0.2,0.15,5.0,0.8026537080287293,0.20102751436118105,0.15071081226538335,0.002653708028729218,0.0010275143611810367,0.0007108122653833593,0.0033171350359115226,0.005137571805905183,0.004738748435889062,5162775,0.0874473514728029,1.0,100,20,5,0.5797618528795077,1.9841654340316977,1.7912434438225457,15.943829938072884,1.4609990428532635,21
orkut,ok,,4621,36745,2,4621,36745,False,none,0.8,0.4,0.05,5.0,0.8016491150356796,0.3972316483833419,0.050050441061886344,0.0016491150356795492,0.0027683516166581157,5.0441061886341565e-05,0.0020613937945994365,0.006920879041645289,0.0010088212377268313,1244435,0.3709273686452085,1.0,100,20,5,0.5926384262737708,3.018585550757401,1.801412215349618,15.92775157783915,1.581381239891047,25
orkut,ok,,4621,36745,2,4621,36745,False,none,0.8,0.4,0.1,5.0,0.8000734844961699,0.39955232650693867,0.09993971659184944,7.348449616983999e-05,0.0004476734930613513,6.028340815056321e-05,9.185562021229998e-05,0.0011191837326533782,0.0006028340815056321,2304869,0.20027168572270268,1.0,100,20,5,0.6030824311490154,2.4291637336302414,1.6016795775625419,16.01957188001679,1.5379628261077458,18
orkut,ok,,4621,36745,2,4621,36745,False,none,0.8,0.4,0.15,5.0,0.8006538936503433,0.4011801489282899,0.1501722723350259,0.0006538936503432957,0.0011801489282898814,0.000172272335025897,0.0008173670629291196,0.0029503723207247035,0.0011484822335059801,4643996,0.09939694177169833,1.0,100,20,5,0.5971189467002125,2.0525227005626743,1.4080240755211162,15.907307372800252,1.560954469253297,23
orkut,ok,,4621,36745,2,4621,36745,False,none,0.8,0.6,0.05,5.0,0.800607372486587,0.6009355548140971,0.05009081874599525,0.0006073724865869323,0.0009355548140971282,9.08187459952442e-05,0.0007592156082336654,0.0015592580234952136,0.001816374919904884,1221619,0.3778575808005606,1.0,100,20,5,0.5999309113561593,3.135324124956167,1.7546788349250297,15.896616489195717,1.709257217949126,27
orkut,ok,,4621,36745,2,4621,36745,False,none,0.8,0.6,0.1,5.0,0.798302848932597,0.5977504236379896,0.0997660070561193,0.001697151067403091,0.002249576362010397,0.000233992943880712,0.0021214388342538637,0.003749293936683995,0.00233992943880712,2194044,0.21038775885989525,1.0,100,20,5,0.6105470081730358,2.549583056749632,1.4304513399313439,15.976248012318969,1.6243079493210213,22
orkut,ok,,4621,36745,2,4621,36745,False,none,0.8,0.6,0.15,5.0,0.8006969570866052,0.6004067671936406,0.15020477433246796,0.00069695708660511,0.00040676719364063363,0.00020477433246796073,0.0008711963582563875,0.0006779453227343895,0.0013651622164530717,4144811,0.11136816612385944,1.0,100,20,5,0.6149370863954955,2.0595027075648034,1.2329598898210663,15.827778317468162,1.6458857716556972,22
orkut,ok,,4621,36745,2,4621,36745,False,none,1.0,0.2,0.05,5.0,1.0043690436775423,0.20112614911105356,0.050231737863653966,0.004369043677542317,0.0011261491110535482,0.00023173786365396354,0.004369043677542317,0.005630745555267741,0.004634757273079271,1212724,0.3806084484186014,1.0,100,20,5,0.5949457584743107,3.1488100547040885,2.4690142439519045,15.783180799477043,1.4620857326072025,23
orkut,ok,,4621,36745,2,4621,36745,False,none,1.0,0.2,0.1,5.0,0.999928454378504,0.20030483212737193,0.09985357489281427,7.15456214960275e-05,0.00030483212737192344,0.0001464251071857381,7.15456214960275e-05,0.0015241606368596172,0.001464251071857381,2083277,0.22156967124391044,1.0,100,20,5,0.6091340709852795,2.4892135525381764,2.198878061015803,15.951172801806447,1.4227660689364365,21
orkut,ok,,4621,36745,2,4621,36745,False,none,1.0,0.2,0.15,5.0,0.9992133908155431,0.19935866659077123,0.1498402232508485,0.0007866091844569434,0.0006413334092287837,0.0001597767491514912,0.0007866091844569434,0.0032066670461439184,0.001065178327676608,3740465,0.12340444303047883,1.0,100,20,5,0.6125195664175443,2.1322880384701075,2.1071250370045407,15.928395760546948,1.4130663274598476,19
orkut,ok,,4621,36745,2,4621,36745,False,none,1.0,0.4,0.05,5.0,0.9959282333954095,0.3994245975550347,0.04990308695752609,0.004071766604590521,0.000575402444965345,9.691304247391036e-05,0.004071766604590521,0.0014385061124133625,0.0019382608494782072,1188466,0.38839647074464057,1.0,100,20,5,0.6039137846602258,3.1643627029232744,2.1660053981823757,15.754103876417394,1.5593690942722156,18
orkut,ok,,4621,36745,2,4621,36745,False,none,1.0,0.4,0.1,5.0,1.001642694018759,0.4006725220697674,0.10023810005220979,0.00164269401875905,0.0006725220697673673,0.00023810005220978314,0.00164269401875905,0.0016813051744184182,0.0023810005220978314,2024197,0.22803956334289596,1.0,100,20,5,0.6200913251032385,2.5498455542466347,1.775339090495182,15.96464705394665,1.5022074386672692,18
orkut,ok,,4621,36745,2,4621,36745,False,none,1.0,0.4,0.15,5.0,1.0025291932442806,0.4015818423604137,0.15042635098597792,0.002529193244280581,0.0015818423604136989,0.0004263509859779302,0.002529193244280581,0.003954605901034247,0.002842339906519535,3524821,0.1309567209228497,1.0,100,20,5,0.6239638835560728,2.147712593487951,1.552893042677978,15.947325658459329,1.4957810740989572,24
orkut,ok,,4621,36745,2,4621,36745,False,none,1.0,0.6,0.05,5.0,1.004169039471523,0.5984953412217807,0.05010956185114818,0.004169039471523028,0.0015046587782192589,0.00010956185114817385,0.004169039471523028,0.0025077646303654317,0.002191237022963477,1173012,0.39351686086757853,1.0,100,20,5,0.6102247888342148,3.1640066930804007,1.8707133806935508,15.725938339612282,1.6409498211071343,25
orkut,ok,,4621,36745,2,4621,36745,False,none,1.0,0.6,0.1,5.0,0.9983731506624516,0.6002585181091539,0.09991601271552238,0.0016268493375484194,0.0002585181091538935,8.39872844776296e-05,0.0016268493375484194,0.0004308635152564892,0.000839872844776296,1949793,0.23674205415651817,1.0,100,20,5,0.626767046553147,2.5903717545087,1.547193021443829,15.937865187833319,1.5651239673442352,25
orkut,ok,,4621,36745,2,4621,36745,False,none,1.0,0.6,0.15,5.0,0.9996262072007178,0.5984509473839004,0.14992024927208075,0.0003737927992821799,0.001549052616099611,7.97507279192422e-05,0.0003737927992821799,0.0025817543601660184,0.0005316715194616147,3352332,0.13769519248093565,1.0,100,20,5,0.633480514459785,2.1651599312188377,1.3341849591117636,15.912131116222305,1.5865637286128302,24
